PERIOD_START,TOTAL_PATENTS,AVG_INVENTORS_PER_PATENT
1960,435,1.524138
1965,551,1.537205
1970,528,1.642045
1975,474,1.719409
1980,469,1.752665
1985,328,1.868902
1990,918,2.088235
1995,868,2.464286
2000,1065,2.502347
2005,1263,2.681710
2010,1295,2.738224
2015,1544,2.920337
2020,315,2.892063
