month,session_type,avg_pageviews
4,non-purchase,3.32450030970978
4,purchase,24.271551724137925
5,non-purchase,3.582477275557216
5,purchase,22.340807174887892
6,non-purchase,3.363097804391218
6,purchase,23.885835095137423
7,non-purchase,3.445644033067193
7,purchase,25.91949563530553
